หมวดหมู่,ตัวอย่างคำถาม,ข้อความตอบกลับ
ข้อมูลทั่วไป,มีหน้าร้านให้ลองใส่จริงไหม หรือสั่งซื้อได้เฉพาะทางออนไลน์?,ทางร้าน XCOCO มีสำนักงานใหญ่และแล็บตรวจประกอบตั้งอยู่ที่ถนนนวมินทร์ เขตบึงกุ่ม กทม. ครับ และมีระบบลองแว่น 3D เสมือนจริงบนหน้าเว็บ https://thaweechai456.github.io/eye/ ให้ลองหมุนดูรอบทิศทางได้ทันที พร้อมรับประกันความสบายตา 30 วัน เปลี่ยนเลนส์ฟรีครับ
การจัดส่ง,สั่งตัดแว่นใช้เวลากี่วัน ถึงจะได้รับสินค้า?,แว่นตาสั่งตัดเลนส์สายตาใช้เวลาฝนประกอบ 1-2 วันทำการ และจัดส่งด่วนฟรีถึงบ้านภายใน 2-3 วันทำการทั่วประเทศครับ หากเป็นกรอบเปล่าจัดส่งได้ทันทีภายใน 24 ชม. ครับ
การสั่งซื้อ,ไม่มีใบวัดสายตา สามารถสั่งตัดแว่นได้อย่างไร?,ลูกค้านำแว่นเดิมไปให้ร้านแว่นหรือโรงพยาบาลใกล้บ้านวัดค่าสายตาเดิม หรือวัดสายตาใหม่แล้วถ่ายรูปใบสลิปส่งมาให้แอดมินใน LINE @743jngnt ได้เลยครับ มีทีมผู้เชี่ยวชาญช่วยอ่านและตรวจทานให้ฟรีครับ
เลนส์สายตา,มีสายตาสั้นเยอะ สั้นเกิน -6.00 ขึ้นไป เลนส์จะหนาไหม?,สำหรับสายตาสั้นเกิน -3.00D แนะนำเลือกใช้เลนส์ย่อบางพิเศษ Index 1.61 หรือ 1.67 ครับ ช่วยลดความหนาขอบเลนส์ลงได้ 20-35% ขอบไม่ล้น น้ำหนักเบา สวยงามเป็นธรรมชาติครับ
เลนส์สายตา,มีสายตาเอียงด้วย ตัดแว่นกับทางร้านได้ไหม มีค่าใช้จ่ายเพิ่มไหม?,สามารถตัดได้สบายมากครับ รองรับค่าสายตาเอียงและกำหนดองศาได้อย่างแม่นยำด้วยเครื่อง Essilor Delta 3D สายตาเอียงไม่เกิน -2.00D ไม่มีค่าใช้จ่ายเพิ่มเติมครับ
แนะนำสินค้า,เล่นเกมและทำงานหน้าคอมพิวเตอร์นานๆ แนะนำแว่นรุ่นไหนดีที่สุด?,แนะนำรุ่น Cyber Square Gamer Shield (ราคา 990.-) หรือ Pro Streamer (ราคา 1050.-) พร้อมอัปเกรดเลนส์กรองแสงสีฟ้า BlueBlock Nano Shield (+400.-) ขาแว่นแบนบางใส่ครอบหูฟังได้ไม่เจ็บขมับครับ
แนะนำสินค้า,คนหน้ากลม แก้มเยอะ เหมาะกับแว่นทรงไหนมากที่สุด?,คนหน้ากลมแนะนำกรอบทรงสี่เหลี่ยมหรือทรงเรขาคณิต เช่น รุ่น Cyber Square หรือ Nordic Matte Rectangle เส้นตรงของกรอบจะช่วยตัดความมน ทำให้ใบหน้าดูเรียวยาวและมีมิติขึ้นครับ
แนะนำสินค้า,มีปัญหาแพ้โลหะ ใส่แว่นแล้วคัน มีกรอบรุ่นไหนแนะนำบ้าง?,แนะนำกรอบที่ผลิตจาก Pure Beta-Titanium หรือ Swiss TR90 เช่น รุ่น Titanium Hexagon หรือ Minimalist Round ครับ ปลอดภัย 100% ปราศจากสารนิกเกิล ไม่แพ้หรือคันผิวแน่นอนครับ
โปรโมชั่น,มีโค้ดส่วนลดอะไรให้ใช้ได้บ้างในตอนนี้?,มีโค้ด SURVEY5 ลด 5% ทันทีไม่มีขั้นต่ำสำหรับผู้ร่วมทำแบบสอบถาม LINE, โค้ด CLEAR20 ลด 20% สำหรับกรอบพร้อมเลนส์ และโค้ด XCOCO30 ลด 30% สำหรับโปรโมชั่นเปิดตัวครับ กรอกในหน้าชำระเงินได้เลยครับ
การจัดส่ง,สั่งซื้อแล้วมีค่าจัดส่งสินค้าไหม?,จัดส่งฟรีทั่วประเทศทุกออเดอร์ครับ ไม่มีขั้นต่ำ จัดส่งผ่าน Flash Express, Kerry หรือ EMS พร้อมประกันพัสดุเต็มวงเงินครับ
การชำระเงิน,ชำระเงินช่องทางไหนได้บ้าง?,รองรับ 4 ช่องทางครับ: สแกน Thai QR PromptPay (ยืนยันยอดอัตโนมัติ), โอนผ่านธนาคารกสิกรไทย (KBANK), บัตรเครดิต/เดบิต (VISA, Mastercard), และบริการเก็บเงินปลายทาง (COD) ครับ
การรับประกัน,ได้รับแว่นแล้วถ้าใส่แล้วมึนหัวหรือมองไม่ชัด เคลมได้ไหม?,เคลมได้แน่นอน 100% ครับ ร้านมีนโยบายรับประกันความสบายตา 30 วัน หากใส่แล้วปรับสายตาไม่ลงตัว ช่างจะปรับค่าสายตาและตัดเปลี่ยนคู่ใหม่ให้ฟรีทันที 1 ครั้งครับ
สินค้าในกล่อง,ในกล่องพัสดุที่ส่งมามีอุปกรณ์อะไรแถมให้บ้าง?,ได้รับเซตพรีเมียมครบ 5 ชิ้นครับ: กล่องแว่นตาหนังโครงแข็ง, ซองผ้าไมโครไฟเบอร์พกพา, ผ้าเช็ดเลนส์นาโนไฟเบอร์, พวงกุญแจไขควง 3-in-1, และบัตรรับประกันสินค้า 1 ปีเต็มครับ
แนะนำสินค้า,แว่นตารุ่นไหนน้ำหนักเบาที่สุดในร้าน?,รุ่นที่เบาที่สุดคือ Titanium Rimless Ultra-Float หนักเพียง 7.8 กรัม และ Titanium Alpha Ultra-Light หนักเพียง 8.9 กรัม เบาเหมือนไม่ได้ใส่ครับ
เลนส์สายตา,เลนส์ออโต้เปลี่ยนสี (Photochromic) ดีอย่างไร?,เลนส์ออโต้จะใสเมื่ออยู่ในอาคาร และเปลี่ยนเป็นสีเข้มกันแดดอัตโนมัติภายใน 15-30 วินาทีเมื่อออกกลางแดด สัมผัสรังสี UV คุ้มค่าแบบ 2-in-1 พกอันเดียวจบทั้งในร่มและกลางแจ้งครับ (+800 บาท)
เลนส์สายตา,ผู้ใหญ่อายุ 40 ปีขึ้นไป เริ่มอ่านหนังสือไม่ชัด มองไกลและใกล้ลำบาก แนะนำเลนส์อะไร?,แนะนำเลนส์โปรเกรสซีฟ ดิจิทัลฟรีฟอร์ม (Digital Progressive) ครับ มองได้ชัดเจน 3 ระยะ ไกล-กลาง-ใกล้ ในเลนส์ชิ้นเดียว ไร้รอยต่อ มองดูอ่อนเยาว์ ไม่ต้องคอยถอดแว่นเข้าออกครับ (+1900 บาท)
สินค้า,สั่งซื้อเฉพาะกรอบแว่นตาเปล่า ไม่ตัดเลนส์ได้ไหม?,ได้ครับ สามารถเลือกซื้อเฉพาะกรอบเปล่าได้เลย มีเลนส์เดโมกันรอยใส่ไปให้ สามารถนำไปตัดเลนส์ที่ร้านใกล้บ้านได้ครับ
การดูแลรักษา,ทำความสะอาดแว่นตาอย่างไรให้เลนส์ไม่เป็นรอยและโค้ตไม่ลอก?,ใช้น้ำเปล่าอุณหภูมิห้องหรือน้ำยาล้างจานเจือจางล้างคราบมัน ซับเบาๆ ด้วยผ้าไมโครไฟเบอร์ ห้ามใช้น้ำอุ่น น้ำร้อน สบู่ หรือแอลกอฮอล์เช็ดหน้าเลนส์เด็ดขาดครับ
บริการหลังการขาย,ขาแว่นหลวมหรือนอตหลุด ทางร้านมีบริการดูแลไหม?,ร้านมีบริการเปลี่ยนอะไหล่ สกรู และแป้นจมูกฟรีตลอดชีพครับ หรือลูกค้าสามารถใช้ไขควงมินิที่แถมไปในกล่องช่วยขันกระชับได้ทันทีครับ
การจัดส่ง,ติดตามสถานะพัสดุได้อย่างไร?,เมื่อจัดส่งแล้ว ระบบจะส่ง SMS และแจ้งรหัส Tracking ในระบบบัญชีของลูกค้า หรือทักแชตแจ้งชื่อ-เบอร์โทรใน LINE @743jngnt ให้แอดมินเช็กให้ได้ตลอดเวลาครับ
เลนส์สายตา,ค่าสายตาสองข้างไม่เท่ากัน สั่งตัดได้ไหม?,ตัดได้สบายมากครับ ลูกค้าระบุค่าสายตาข้างขวา (OD) และข้างซ้าย (OS) แยกกันได้บนหน้าสั่งซื้อ หรือถ่ายรูปใบตรวจให้แอดมินดูแลได้เลยครับ
การชำระเงิน,สามารถออกใบเสร็จรับเงินหรือใบกำกับภาษีได้ไหม?,บริษัท เอ็กซ์โคโค่ อายแวร์ จำกัด สามารถออกใบเสร็จรับเงินและใบกำกับภาษีอิเล็กทรอนิกส์ (e-Tax Invoice) ได้อย่างถูกต้อง เพียงระบุข้อมูลในขั้นตอนสั่งซื้อครับ
แนะนำสินค้า,ชอบแต่งตัวสไตล์เกาหลี ถ่ายรูปสวย แนะนำแว่นรุ่นไหน?,แนะนำรุ่น Korean Clear Crystal Round (ราคา 790.-) กรอบใสโปร่งแสง สไตล์ซีรีส์เกาหลี หน้าสว่าง ละมุนตา ขับผิว ถ่ายรูปมุมไหนก็ขึ้นกล้องครับ
ติดต่อเรา,ต้องการติดต่อพูดคุยกับแอดมินคนจริง ต้องทำอย่างไร?,พิมพ์คำว่า ติดต่อเจ้าหน้าที่ หรือโทร 061-013-0511 ระบบจะส่งสัญญาณเตือนให้ทีมงานแอดมินเข้ามาดูแลทันทีในเวลาทำการ 09:00 - 21:00 น. ครับ
โปรโมชั่น,โค้ด SURVEY5 ใช้ยังไง ได้ลดเท่าไหร่?,โค้ด SURVEY5 มอบส่วนลด 5% ทันทีไม่มีขั้นต่ำสำหรับลูกค้าที่ร่วมทำแบบสอบถาม LINE เพียงพิมพ์โค้ดในช่องส่วนลดหน้าชำระเงินครับ
